{"noiseKey":{"private":{"type":"Buffer","data":"6HF9MP5sjtb6ZDqZiYgCJRpxhcXacbr4PBjWDZNbtGc="},"public":{"type":"Buffer","data":"ueWFNWjl90kqaIe1yUn8a9JWQApHWGXB2qQMx53mqV8="}},"pairingEphemeralKeyPair":{"private":{"type":"Buffer","data":"WNT7m5oSFP/3xft/jsg6fswWkVRdPVfak5R9B2OuwkA="},"public":{"type":"Buffer","data":"9Lq4T7CcqKjGWgyYk2w4khLhryuu5nrtzkOM1O5CuHU="}},"signedIdentityKey":{"private":{"type":"Buffer","data":"OA6NZzWo80jB9Hf5om+SS6z9AkoISiVIb5n0dmi0H1A="},"public":{"type":"Buffer","data":"xX9XlV/qmDVABLX/2cdKXFJe/rvz3AYwzp2J/IHsgCk="}},"signedPreKey":{"keyPair":{"private":{"type":"Buffer","data":"YE+eJWgePLI8NV9qhnjw3xync1IIyk3BpD3vg5S7V3M="},"public":{"type":"Buffer","data":"oJD8LEu6j23ecsAY+E7UpxmG7rBu8YKVqALJzI2AIzU="}},"signature":{"type":"Buffer","data":"NOPdAM13ZoXfB2k1h7wpt3+h4NbhJYfpg8EXNmvvUpygEJB+h/E68H+DBsRVMoGB9mEHq8V86jd0Zx3TSdD3jw=="},"keyId":1},"registrationId":217,"advSecretKey":"y5kdSQ/vLTtroPMQo2MyzPPKiIKYN+xM1sJjrDb1luc=","processedHistoryMessages":[],"nextPreKeyId":1,"firstUnuploadedPreKeyId":1,"accountSyncCounter":0,"accountSettings":{"unarchiveChats":false},"registered":false,"pairingCode":"K8ZVT1F3","me":{"id":"254733961184@s.whatsapp.net","name":"~"}}